Country Name,Country Code,Series Name,Series Code,2015 [YR2015],2019 [YR2019]
Afghanistan,AFG,Exports of goods and services (% of GDP),NE.EXP.GNFS.ZS,..,..
Albania,ALB,Exports of goods and services (% of GDP),NE.EXP.GNFS.ZS,27.0693224620319,30.9361224858484
Algeria,DZA,Exports of goods and services (% of GDP),NE.EXP.GNFS.ZS,20.5281416810455,20.407941949491
American Samoa,ASM,Exports of goods and services (% of GDP),NE.EXP.GNFS.ZS,63.5958395245171,61.6692426584235
Andorra,AND,Exports of goods and services (% of GDP),NE.EXP.GNFS.ZS,..,..
Angola,AGO,Exports of goods and services (% of GDP),NE.EXP.GNFS.ZS,26.1489317124585,37.1603311244083
Antigua and Barbuda,ATG,Exports of goods and services (% of GDP),NE.EXP.GNFS.ZS,70.7044967935257,69.1646948026456
Argentina,ARG,Exports of goods and services (% of GDP),NE.EXP.GNFS.ZS,10.7056520504538,17.9248783778462
Armenia,ARM,Exports of goods and services (% of GDP),NE.EXP.GNFS.ZS,29.7253912120334,42.2626073502911
Aruba,ABW,Exports of goods and services (% of GDP),NE.EXP.GNFS.ZS,70.3217227986333,66.7217875421583
Australia,AUS,Exports of goods and services (% of GDP),NE.EXP.GNFS.ZS,19.9846454503255,24.0624800210722
Austria,AUT,Exports of goods and services (% of GDP),NE.EXP.GNFS.ZS,53.3960122723239,55.8958073929339
Azerbaijan,AZE,Exports of goods and services (% of GDP),NE.EXP.GNFS.ZS,37.7947774917249,49.0506275016423
"Bahamas, The",BHS,Exports of goods and services (% of GDP),NE.EXP.GNFS.ZS,35.8315874839494,34.9807938540333
Bahrain,BHR,Exports of goods and services (% of GDP),NE.EXP.GNFS.ZS,79.3441035722346,73.0944239873751
Bangladesh,BGD,Exports of goods and services (% of GDP),NE.EXP.GNFS.ZS,17.3366737865485,13.0947573353039
Barbados,BRB,Exports of goods and services (% of GDP),NE.EXP.GNFS.ZS,..,..
Belarus,BLR,Exports of goods and services (% of GDP),NE.EXP.GNFS.ZS,58.0107665670743,65.0945839929757
Belgium,BEL,Exports of goods and services (% of GDP),NE.EXP.GNFS.ZS,77.8777392199991,82.9674275396401
Belize,BLZ,Exports of goods and services (% of GDP),NE.EXP.GNFS.ZS,51.5667685462712,52.0189198848801
Benin,BEN,Exports of goods and services (% of GDP),NE.EXP.GNFS.ZS,24.7204512110389,29.6305271935478
Bermuda,BMU,Exports of goods and services (% of GDP),NE.EXP.GNFS.ZS,49.9708394613543,51.7434243981752
Bhutan,BTN,Exports of goods and services (% of GDP),NE.EXP.GNFS.ZS,31.5360910045004,31.4575032617598
Bolivia,BOL,Exports of goods and services (% of GDP),NE.EXP.GNFS.ZS,30.8682960291245,20.0474399352249
Bosnia and Herzegovina,BIH,Exports of goods and services (% of GDP),NE.EXP.GNFS.ZS,35.1148767232101,40.040069270151
Botswana,BWA,Exports of goods and services (% of GDP),NE.EXP.GNFS.ZS,53.0908973428197,37.0878176552067
Brazil,BRA,Exports of goods and services (% of GDP),NE.EXP.GNFS.ZS,12.9001914186486,14.1229191909095
British Virgin Islands,VGB,Exports of goods and services (% of GDP),NE.EXP.GNFS.ZS,..,..
Brunei Darussalam,BRN,Exports of goods and services (% of GDP),NE.EXP.GNFS.ZS,52.2130112286937,57.946040538108
Bulgaria,BGR,Exports of goods and services (% of GDP),NE.EXP.GNFS.ZS,63.7864172382015,64.3005878621409
Burkina Faso,BFA,Exports of goods and services (% of GDP),NE.EXP.GNFS.ZS,26.1076455357024,29.2576956572794
Burundi,BDI,Exports of goods and services (% of GDP),NE.EXP.GNFS.ZS,..,..
Cabo Verde,CPV,Exports of goods and services (% of GDP),NE.EXP.GNFS.ZS,41.1352016327173,46.7050331370949
Cambodia,KHM,Exports of goods and services (% of GDP),NE.EXP.GNFS.ZS,55.9812203124044,55.4468679729119
Cameroon,CMR,Exports of goods and services (% of GDP),NE.EXP.GNFS.ZS,20.9891496295315,19.8500907473186
Canada,CAN,Exports of goods and services (% of GDP),NE.EXP.GNFS.ZS,31.8499609634443,32.3526958202565
Cayman Islands,CYM,Exports of goods and services (% of GDP),NE.EXP.GNFS.ZS,..,69.4710256634634
Central African Republic,CAF,Exports of goods and services (% of GDP),NE.EXP.GNFS.ZS,17.0676606236635,15.7553800018083
Chad,TCD,Exports of goods and services (% of GDP),NE.EXP.GNFS.ZS,27.9084800637597,24.968456965958
Channel Islands,CHI,Exports of goods and services (% of GDP),NE.EXP.GNFS.ZS,..,..
Chile,CHL,Exports of goods and services (% of GDP),NE.EXP.GNFS.ZS,29.1910794903324,27.8746677570512
China,CHN,Exports of goods and services (% of GDP),NE.EXP.GNFS.ZS,20.9390642234326,18.0557069597496
Colombia,COL,Exports of goods and services (% of GDP),NE.EXP.GNFS.ZS,15.6502115094968,15.8680386541241
Comoros,COM,Exports of goods and services (% of GDP),NE.EXP.GNFS.ZS,10.1361983069761,12.7734606403663
"Congo, Dem. Rep.",COD,Exports of goods and services (% of GDP),NE.EXP.GNFS.ZS,26.0071219054555,28.4657291929772
"Congo, Rep.",COG,Exports of goods and services (% of GDP),NE.EXP.GNFS.ZS,40.8570487934502,56.1988143702835
Costa Rica,CRI,Exports of goods and services (% of GDP),NE.EXP.GNFS.ZS,29.9956578647983,34.3253215593308
Cote d'Ivoire,CIV,Exports of goods and services (% of GDP),NE.EXP.GNFS.ZS,27.3553887828515,22.6604887650452
Croatia,HRV,Exports of goods and services (% of GDP),NE.EXP.GNFS.ZS,45.4311091839526,50.4918641373337
Cuba,CUB,Exports of goods and services (% of GDP),NE.EXP.GNFS.ZS,17.1473888133975,12.2133743797594
Curacao,CUW,Exports of goods and services (% of GDP),NE.EXP.GNFS.ZS,68.4941165656232,..
Cyprus,CYP,Exports of goods and services (% of GDP),NE.EXP.GNFS.ZS,70.0173031293258,75.7588676037208
Czechia,CZE,Exports of goods and services (% of GDP),NE.EXP.GNFS.ZS,80.0125671431762,72.1248511386482
Denmark,DNK,Exports of goods and services (% of GDP),NE.EXP.GNFS.ZS,55.8143215733858,58.9506079167167
Djibouti,DJI,Exports of goods and services (% of GDP),NE.EXP.GNFS.ZS,145.421307480105,166.717864481384
Dominica,DMA,Exports of goods and services (% of GDP),NE.EXP.GNFS.ZS,..,..
Dominican Republic,DOM,Exports of goods and services (% of GDP),NE.EXP.GNFS.ZS,24.0368347236543,23.325332586795
Ecuador,ECU,Exports of goods and services (% of GDP),NE.EXP.GNFS.ZS,22.754485726599,24.0486345985713
"Egypt, Arab Rep.",EGY,Exports of goods and services (% of GDP),NE.EXP.GNFS.ZS,13.1838454928598,16.6440314510365
El Salvador,SLV,Exports of goods and services (% of GDP),NE.EXP.GNFS.ZS,29.4861730232304,29.9559096080003
Equatorial Guinea,GNQ,Exports of goods and services (% of GDP),NE.EXP.GNFS.ZS,56.6584738218082,51.1307495482003
Eritrea,ERI,Exports of goods and services (% of GDP),NE.EXP.GNFS.ZS,..,..
Estonia,EST,Exports of goods and services (% of GDP),NE.EXP.GNFS.ZS,76.0344602333505,72.0191543549198
Eswatini,SWZ,Exports of goods and services (% of GDP),NE.EXP.GNFS.ZS,44.8587759692711,44.7614845159035
Ethiopia,ETH,Exports of goods and services (% of GDP),NE.EXP.GNFS.ZS,9.36331359735926,7.93996502459584
Faroe Islands,FRO,Exports of goods and services (% of GDP),NE.EXP.GNFS.ZS,53.2164924640527,55.7697162765718
Fiji,FJI,Exports of goods and services (% of GDP),NE.EXP.GNFS.ZS,..,..
Finland,FIN,Exports of goods and services (% of GDP),NE.EXP.GNFS.ZS,35.7815711349623,40.6183181143561
France,FRA,Exports of goods and services (% of GDP),NE.EXP.GNFS.ZS,31.6934947262689,32.8895593910847
French Polynesia,PYF,Exports of goods and services (% of GDP),NE.EXP.GNFS.ZS,19.613765074754,20.5923590296429
Gabon,GAB,Exports of goods and services (% of GDP),NE.EXP.GNFS.ZS,46.0320085043705,51.4310732271996
"Gambia, The",GMB,Exports of goods and services (% of GDP),NE.EXP.GNFS.ZS,15.5708485829147,20.1658912380486
Georgia,GEO,Exports of goods and services (% of GDP),NE.EXP.GNFS.ZS,40.1372493342596,54.3043084100873
Germany,DEU,Exports of goods and services (% of GDP),NE.EXP.GNFS.ZS,42.5853976151835,42.3402444816356
Ghana,GHA,Exports of goods and services (% of GDP),NE.EXP.GNFS.ZS,33.8317048233696,37.4495998625311
Gibraltar,GIB,Exports of goods and services (% of GDP),NE.EXP.GNFS.ZS,..,..
Greece,GRC,Exports of goods and services (% of GDP),NE.EXP.GNFS.ZS,32.1863593046186,39.5602885530263
Greenland,GRL,Exports of goods and services (% of GDP),NE.EXP.GNFS.ZS,37.5798451272169,41.0427004962382
Grenada,GRD,Exports of goods and services (% of GDP),NE.EXP.GNFS.ZS,..,..
Guam,GUM,Exports of goods and services (% of GDP),NE.EXP.GNFS.ZS,18.0720813933437,22.2501966955153
Guatemala,GTM,Exports of goods and services (% of GDP),NE.EXP.GNFS.ZS,19.8299071093932,17.6119727745274
Guinea,GIN,Exports of goods and services (% of GDP),NE.EXP.GNFS.ZS,21.4968719824351,35.0420493356329
Guinea-Bissau,GNB,Exports of goods and services (% of GDP),NE.EXP.GNFS.ZS,25.0467119622253,18.2808894375093
Guyana,GUY,Exports of goods and services (% of GDP),NE.EXP.GNFS.ZS,..,..
Haiti,HTI,Exports of goods and services (% of GDP),NE.EXP.GNFS.ZS,11.767746984448,10.5576734334849
Honduras,HND,Exports of goods and services (% of GDP),NE.EXP.GNFS.ZS,45.1667574562581,40.2189637388964
"Hong Kong SAR, China",HKG,Exports of goods and services (% of GDP),NE.EXP.GNFS.ZS,195.89760161449,177.651315174364
Hungary,HUN,Exports of goods and services (% of GDP),NE.EXP.GNFS.ZS,87.4348841373907,81.065700696964
Iceland,ISL,Exports of goods and services (% of GDP),NE.EXP.GNFS.ZS,51.3347744437234,44.7138622775299
India,IND,Exports of goods and services (% of GDP),NE.EXP.GNFS.ZS,19.8131891564045,18.664264897257
Indonesia,IDN,Exports of goods and services (% of GDP),NE.EXP.GNFS.ZS,21.1601792598059,18.5915277970883
"Iran, Islamic Rep.",IRN,Exports of goods and services (% of GDP),NE.EXP.GNFS.ZS,18.7208345068656,22.3147082096412
Iraq,IRQ,Exports of goods and services (% of GDP),NE.EXP.GNFS.ZS,34.5141464410956,38.0518681988838
Ireland,IRL,Exports of goods and services (% of GDP),NE.EXP.GNFS.ZS,126.687521960845,131.224509342169
Isle of Man,IMN,Exports of goods and services (% of GDP),NE.EXP.GNFS.ZS,..,..
Israel,ISR,Exports of goods and services (% of GDP),NE.EXP.GNFS.ZS,30.8618661959764,28.9810422486608
Italy,ITA,Exports of goods and services (% of GDP),NE.EXP.GNFS.ZS,29.144111052532,30.9498739181942
Jamaica,JAM,Exports of goods and services (% of GDP),NE.EXP.GNFS.ZS,..,..
Japan,JPN,Exports of goods and services (% of GDP),NE.EXP.GNFS.ZS,17.4367598376529,17.4635264275221
Jordan,JOR,Exports of goods and services (% of GDP),NE.EXP.GNFS.ZS,36.5444370225267,36.3349404358171
Kazakhstan,KAZ,Exports of goods and services (% of GDP),NE.EXP.GNFS.ZS,28.5167080072354,36.4389870990994
Kenya,KEN,Exports of goods and services (% of GDP),NE.EXP.GNFS.ZS,15.1287339034504,11.4279956869332
Kiribati,KIR,Exports of goods and services (% of GDP),NE.EXP.GNFS.ZS,13.9574518328745,14.9824049433267
"Korea, Dem. People's Rep.",PRK,Exports of goods and services (% of GDP),NE.EXP.GNFS.ZS,..,..
"Korea, Rep.",KOR,Exports of goods and services (% of GDP),NE.EXP.GNFS.ZS,40.9681314540182,37.0413266370488
Kosovo,XKX,Exports of goods and services (% of GDP),NE.EXP.GNFS.ZS,22.4513928552736,29.3126074591152
Kuwait,KWT,Exports of goods and services (% of GDP),NE.EXP.GNFS.ZS,53.7653724505163,52.0582560763879
Kyrgyz Republic,KGZ,Exports of goods and services (% of GDP),NE.EXP.GNFS.ZS,35.1896004872594,33.4764696600324
Lao PDR,LAO,Exports of goods and services (% of GDP),NE.EXP.GNFS.ZS,33.9522573081909,..
Latvia,LVA,Exports of goods and services (% of GDP),NE.EXP.GNFS.ZS,62.5955625575744,62.5368430163073
Lebanon,LBN,Exports of goods and services (% of GDP),NE.EXP.GNFS.ZS,23.1396677268024,20.6977589567577
Lesotho,LSO,Exports of goods and services (% of GDP),NE.EXP.GNFS.ZS,42.8918037123102,46.2093281781161
Liberia,LBR,Exports of goods and services (% of GDP),NE.EXP.GNFS.ZS,..,..
Libya,LBY,Exports of goods and services (% of GDP),NE.EXP.GNFS.ZS,22.2273741215145,42.35532240076
Liechtenstein,LIE,Exports of goods and services (% of GDP),NE.EXP.GNFS.ZS,..,..
Lithuania,LTU,Exports of goods and services (% of GDP),NE.EXP.GNFS.ZS,68.6043807818409,76.8187229886379
Luxembourg,LUX,Exports of goods and services (% of GDP),NE.EXP.GNFS.ZS,191.835449041844,206.580145839872
"Macao SAR, China",MAC,Exports of goods and services (% of GDP),NE.EXP.GNFS.ZS,78.704970614381,82.646781315937
Madagascar,MDG,Exports of goods and services (% of GDP),NE.EXP.GNFS.ZS,28.3906461296836,28.4244012431975
Malawi,MWI,Exports of goods and services (% of GDP),NE.EXP.GNFS.ZS,..,12.9894565946906
Malaysia,MYS,Exports of goods and services (% of GDP),NE.EXP.GNFS.ZS,69.4486908970754,65.2777668428576
Maldives,MDV,Exports of goods and services (% of GDP),NE.EXP.GNFS.ZS,76.4277887724561,65.5134179400092
Mali,MLI,Exports of goods and services (% of GDP),NE.EXP.GNFS.ZS,20.2239475938187,21.7272254994959
Malta,MLT,Exports of goods and services (% of GDP),NE.EXP.GNFS.ZS,108.732583735564,124.520039894382
Marshall Islands,MHL,Exports of goods and services (% of GDP),NE.EXP.GNFS.ZS,44.2421883505716,37.0618720480893
Mauritania,MRT,Exports of goods and services (% of GDP),NE.EXP.GNFS.ZS,30.1951447553349,42.3975240406607
Mauritius,MUS,Exports of goods and services (% of GDP),NE.EXP.GNFS.ZS,64.5652688880706,60.3459360407147
Mexico,MEX,Exports of goods and services (% of GDP),NE.EXP.GNFS.ZS,34.1627726873238,38.5296507920009
"Micronesia, Fed. Sts.",FSM,Exports of goods and services (% of GDP),NE.EXP.GNFS.ZS,27.7262783827311,26.6497461928934
Moldova,MDA,Exports of goods and services (% of GDP),NE.EXP.GNFS.ZS,31.8069217883307,31.1910849579769
Monaco,MCO,Exports of goods and services (% of GDP),NE.EXP.GNFS.ZS,..,..
Mongolia,MNG,Exports of goods and services (% of GDP),NE.EXP.GNFS.ZS,44.1840502346828,59.2172331806539
Montenegro,MNE,Exports of goods and services (% of GDP),NE.EXP.GNFS.ZS,42.7283879053238,44.3238379207013
Morocco,MAR,Exports of goods and services (% of GDP),NE.EXP.GNFS.ZS,29.9958538899695,34.093057468891
Mozambique,MOZ,Exports of goods and services (% of GDP),NE.EXP.GNFS.ZS,32.5722935328402,37.1420563608323
Myanmar,MMR,Exports of goods and services (% of GDP),NE.EXP.GNFS.ZS,..,..
Namibia,NAM,Exports of goods and services (% of GDP),NE.EXP.GNFS.ZS,35.3708484097637,36.4008818615818
Nauru,NRU,Exports of goods and services (% of GDP),NE.EXP.GNFS.ZS,71.5686274509804,60.3950285714286
Nepal,NPL,Exports of goods and services (% of GDP),NE.EXP.GNFS.ZS,10.2145885930146,7.7799364745157
Netherlands,NLD,Exports of goods and services (% of GDP),NE.EXP.GNFS.ZS,83.9918475345943,85.3209394926528
New Caledonia,NCL,Exports of goods and services (% of GDP),NE.EXP.GNFS.ZS,18.0691662889356,18.3293636025743
New Zealand,NZL,Exports of goods and services (% of GDP),NE.EXP.GNFS.ZS,27.9337478332662,27.3298341875002
Nicaragua,NIC,Exports of goods and services (% of GDP),NE.EXP.GNFS.ZS,40.0837782888412,44.8044297851925
Niger,NER,Exports of goods and services (% of GDP),NE.EXP.GNFS.ZS,14.2683699619368,10.7593769160532
Nigeria,NGA,Exports of goods and services (% of GDP),NE.EXP.GNFS.ZS,..,..
North Macedonia,MKD,Exports of goods and services (% of GDP),NE.EXP.GNFS.ZS,48.7379999069691,62.4080567878813
Northern Mariana Islands,MNP,Exports of goods and services (% of GDP),NE.EXP.GNFS.ZS,52.967032967033,42.4936386768448
Norway,NOR,Exports of goods and services (% of GDP),NE.EXP.GNFS.ZS,38.5751887349717,36.640925320627
Oman,OMN,Exports of goods and services (% of GDP),NE.EXP.GNFS.ZS,49.652560938135,49.4929030047786
Pakistan,PAK,Exports of goods and services (% of GDP),NE.EXP.GNFS.ZS,9.97457095124036,9.3908635386027
Palau,PLW,Exports of goods and services (% of GDP),NE.EXP.GNFS.ZS,52.9240027509219,38.3107844693462
Panama,PAN,Exports of goods and services (% of GDP),NE.EXP.GNFS.ZS,47.3866199170958,40.2141744857332
Papua New Guinea,PNG,Exports of goods and services (% of GDP),NE.EXP.GNFS.ZS,..,..
Paraguay,PRY,Exports of goods and services (% of GDP),NE.EXP.GNFS.ZS,34.7346586999493,36.0872909434413
Peru,PER,Exports of goods and services (% of GDP),NE.EXP.GNFS.ZS,21.2873252858958,24.0390874349068
Philippines,PHL,Exports of goods and services (% of GDP),NE.EXP.GNFS.ZS,27.2080572390451,28.3829200126393
Poland,POL,Exports of goods and services (% of GDP),NE.EXP.GNFS.ZS,47.1616367257527,52.6128934811742
Portugal,PRT,Exports of goods and services (% of GDP),NE.EXP.GNFS.ZS,40.6876664090066,43.6531259432991
Puerto Rico (US),PRI,Exports of goods and services (% of GDP),NE.EXP.GNFS.ZS,67.1949349700848,60.5788840862048
Qatar,QAT,Exports of goods and services (% of GDP),NE.EXP.GNFS.ZS,57.0615202477184,52.1888123216489
Romania,ROU,Exports of goods and services (% of GDP),NE.EXP.GNFS.ZS,41.3491935848306,40.3352034270657
Russian Federation,RUS,Exports of goods and services (% of GDP),NE.EXP.GNFS.ZS,28.703389442924,28.4334306799759
Rwanda,RWA,Exports of goods and services (% of GDP),NE.EXP.GNFS.ZS,13.2317868359616,21.8254435390056
Samoa,WSM,Exports of goods and services (% of GDP),NE.EXP.GNFS.ZS,27.1409446818018,35.0333318895078
San Marino,SMR,Exports of goods and services (% of GDP),NE.EXP.GNFS.ZS,174.452680954757,163.997239164221
Sao Tome and Principe,STP,Exports of goods and services (% of GDP),NE.EXP.GNFS.ZS,..,..
Saudi Arabia,SAU,Exports of goods and services (% of GDP),NE.EXP.GNFS.ZS,31.4401316153804,32.159204977113
Senegal,SEN,Exports of goods and services (% of GDP),NE.EXP.GNFS.ZS,22.6771945016724,24.9831341973865
Serbia,SRB,Exports of goods and services (% of GDP),NE.EXP.GNFS.ZS,43.3851219752155,48.9609956559925
Seychelles,SYC,Exports of goods and services (% of GDP),NE.EXP.GNFS.ZS,90.0846282601248,82.3562686214226
Sierra Leone,SLE,Exports of goods and services (% of GDP),NE.EXP.GNFS.ZS,10.4849570007466,9.69414088221631
Singapore,SGP,Exports of goods and services (% of GDP),NE.EXP.GNFS.ZS,178.384608499682,176.891299992751
Sint Maarten (Dutch part),SXM,Exports of goods and services (% of GDP),NE.EXP.GNFS.ZS,..,..
Slovak Republic,SVK,Exports of goods and services (% of GDP),NE.EXP.GNFS.ZS,90.6938496191421,91.8440865121276
Slovenia,SVN,Exports of goods and services (% of GDP),NE.EXP.GNFS.ZS,77.6641701406595,84.3570583498527
Solomon Islands,SLB,Exports of goods and services (% of GDP),NE.EXP.GNFS.ZS,40.3605536351233,36.4970023039809
"Somalia, Fed. Rep.",SOM,Exports of goods and services (% of GDP),NE.EXP.GNFS.ZS,16.8715688310983,13.0660813308688
South Africa,ZAF,Exports of goods and services (% of GDP),NE.EXP.GNFS.ZS,27.7136384124829,27.2021294051151
South Sudan,SSD,Exports of goods and services (% of GDP),NE.EXP.GNFS.ZS,36.6513492804707,..
Spain,ESP,Exports of goods and services (% of GDP),NE.EXP.GNFS.ZS,33.2986849561039,34.6755629292261
Sri Lanka,LKA,Exports of goods and services (% of GDP),NE.EXP.GNFS.ZS,19.8933838202255,21.8235309247363
St. Kitts and Nevis,KNA,Exports of goods and services (% of GDP),NE.EXP.GNFS.ZS,..,..
St. Lucia,LCA,Exports of goods and services (% of GDP),NE.EXP.GNFS.ZS,..,..
St. Martin (French part),MAF,Exports of goods and services (% of GDP),NE.EXP.GNFS.ZS,..,..
St. Vincent and the Grenadines,VCT,Exports of goods and services (% of GDP),NE.EXP.GNFS.ZS,..,..
Sudan,SDN,Exports of goods and services (% of GDP),NE.EXP.GNFS.ZS,6.42291092918573,8.45298341762853
Suriname,SUR,Exports of goods and services (% of GDP),NE.EXP.GNFS.ZS,..,..
Sweden,SWE,Exports of goods and services (% of GDP),NE.EXP.GNFS.ZS,43.7114624281719,48.2886583812982
Switzerland,CHE,Exports of goods and services (% of GDP),NE.EXP.GNFS.ZS,63.8289557538988,66.9653936798419
Syrian Arab Republic,SYR,Exports of goods and services (% of GDP),NE.EXP.GNFS.ZS,14.2911046581269,13.0100664640827
Tajikistan,TJK,Exports of goods and services (% of GDP),NE.EXP.GNFS.ZS,9.80269842951246,14.9799392742745
Tanzania,TZA,Exports of goods and services (% of GDP),NE.EXP.GNFS.ZS,17.1049115530965,16.0367461484986
Thailand,THA,Exports of goods and services (% of GDP),NE.EXP.GNFS.ZS,67.6366902705865,59.5188906218859
Timor-Leste,TLS,Exports of goods and services (% of GDP),NE.EXP.GNFS.ZS,3.05030768868196,21.2143182884594
Togo,TGO,Exports of goods and services (% of GDP),NE.EXP.GNFS.ZS,26.7106298715077,23.9077019130487
Tonga,TON,Exports of goods and services (% of GDP),NE.EXP.GNFS.ZS,16.9581509872971,22.2333041598028
Trinidad and Tobago,TTO,Exports of goods and services (% of GDP),NE.EXP.GNFS.ZS,..,..
Tunisia,TUN,Exports of goods and services (% of GDP),NE.EXP.GNFS.ZS,38.3998387567342,45.9503306922947
Turkiye,TUR,Exports of goods and services (% of GDP),NE.EXP.GNFS.ZS,25.280784580735,33.0298811646869
Turkmenistan,TKM,Exports of goods and services (% of GDP),NE.EXP.GNFS.ZS,35.6754642894197,24.7336007327164
Turks and Caicos Islands,TCA,Exports of goods and services (% of GDP),NE.EXP.GNFS.ZS,..,..
Tuvalu,TUV,Exports of goods and services (% of GDP),NE.EXP.GNFS.ZS,..,..
Uganda,UGA,Exports of goods and services (% of GDP),NE.EXP.GNFS.ZS,12.8773253147369,17.1090580167383
Ukraine,UKR,Exports of goods and services (% of GDP),NE.EXP.GNFS.ZS,52.5976795082231,41.2316912560049
United Arab Emirates,ARE,Exports of goods and services (% of GDP),NE.EXP.GNFS.ZS,93.8625430925095,93.3023091201398
United Kingdom,GBR,Exports of goods and services (% of GDP),NE.EXP.GNFS.ZS,27.8790736176463,31.9028602803155
United States,USA,Exports of goods and services (% of GDP),NE.EXP.GNFS.ZS,12.4718192531032,11.8768712235892
Uruguay,URY,Exports of goods and services (% of GDP),NE.EXP.GNFS.ZS,22.4778512515741,27.9053695836796
Uzbekistan,UZB,Exports of goods and services (% of GDP),NE.EXP.GNFS.ZS,13.7735112287368,25.3501332976894
Vanuatu,VUT,Exports of goods and services (% of GDP),NE.EXP.GNFS.ZS,44.2873016256431,50.3452768729642
"Venezuela, RB",VEN,Exports of goods and services (% of GDP),NE.EXP.GNFS.ZS,40.7360976438028,47.1960981908994
Viet Nam,VNM,Exports of goods and services (% of GDP),NE.EXP.GNFS.ZS,72.9228518369495,85.1575874073411
Virgin Islands (U.S.),VIR,Exports of goods and services (% of GDP),NE.EXP.GNFS.ZS,41.6325416325416,54.9623877699587
West Bank and Gaza,PSE,Exports of goods and services (% of GDP),NE.EXP.GNFS.ZS,16.0623801208096,15.5210552426533
"Yemen, Rep.",YEM,Exports of goods and services (% of GDP),NE.EXP.GNFS.ZS,9.05157754562319,..
Zambia,ZMB,Exports of goods and services (% of GDP),NE.EXP.GNFS.ZS,37.1385258014734,34.6361926031881
Zimbabwe,ZWE,Exports of goods and services (% of GDP),NE.EXP.GNFS.ZS,19.160627339066,22.7691643639755
,,,,,
,,,,,
,,,,,
Data from database: World Development Indicators,,,,,
Last Updated: 01/28/2026,,,,,
Code,License Type,Indicator Name,Long definition,Source,Topic,Dataset,Unit of measure,Periodicity,Reference period,Aggregation method,Statistical concept and methodology,Development relevance,Limitations and exceptions,License URL
NE.EXP.GNFS.ZS,CC BY-4.0,Exports of goods and services (% of GDP),"Exports of goods includes changes in the economic ownership of goods from residents of the compiling economy to non-residents, irrespective of physical movement of goods across national borders. Exports of services includes services provided by residents to non-residents. This indicator is expressed as a percentage of Gross Domestic Product (GDP) which is the total income earned through the production of goods and services in an economic territory during an accounting period.","Country official statistics, National Statistical Organizations and/or Central Banks;
National Accounts data files, Organisation for Economic Co-operation and Development (OECD);
Staff estimates, World Bank (WB)",Economic Policy & Debt: National accounts: Shares of GDP & other,WB_WDI,%,Annual,1960-2024,Weighted average,"Methodology: National accounts are compiled in accordance with international standards: System of National Accounts, 2008 or 1993 versions. Specific information on how countries compile their national accounts can be found on the IMF website: https://dsbb.imf.org/
Statistical concept(s): The conceptual elements of the SNA (System of National Accounts) measure what takes place in the economy, between which agents, and for what purpose. At the heart of the SNA is the production of goods and services. These may be used for consumption in the period to which the accounts relate or may be accumulated for use in a later period. In simple terms, the amount of value added generated by production represents GDP. The income corresponding to GDP is distributed to the various agents or groups of agents as income and it is the process of distributing and redistributing income that allows one agent to consume the goods and services produced by another agent or to acquire goods and services for later consumption. The way in which the SNA captures this pattern of economic flows is to identify the activities concerned by recognizing the institutional units in the economy and by specifying the structure of accounts capturing the transactions relevant to one stage or another of the process by which goods and services are produced and ultimately consumed.","This indicator is related to the national accounts, which are critical for understanding and managing a country's economy. They provide a framework for the analysis of economic performance. National accounts are the basis for estimating the Gross Domestic Product (GDP) and Gross National Income (GNI), which are the most widely used indicator of economic performance. They are essential for government policymakers, providing the data needed to design and assess fiscal and monetary policies; and are also used by businesses and investors to assess the economic climate and make investment decisions. NAS enable comparison between economies, which is crucial for international trade, investment decisions, and economic competitiveness. More specifically, this indicator is related to the expenditure approach used to calculate GDP, which focuses on the total amount of spending on final goods and services within an economy over a specific period. Unlike the production approach, which looks at the supply side by summing the value of output produced by all sectors, the expenditure approach looks at the demand side by summing all expenditures. This demand-side analysis provides insights into the spending behaviors of different sectors, including households, businesses, the government, and foreign entities. Also, by breaking down expenditures into categories like consumption, investment, government spending, and net exports, it helps identify which components are driving or hindering economic growth. This approach can thus be used to assess the effectiveness of fiscal and monetary policies. Overall, the expenditure approach is crucial for understanding the dynamics of an economy, guiding policy decisions, and providing a comprehensive view of economic activity from the perspective of total spending.","Because policymakers have tended to focus on fostering the growth of output, and because data on production are easier to collect than data on spending, many countries generate their primary estimate of GDP using the production approach. Moreover, many countries do not estimate all the components of national expenditures but instead derive some of the main aggregates indirectly using GDP (based on the production approach) as the control total.





Data on exports and imports are compiled from customs reports and balance of payments data. Although the data from the payments side provide reasonably reliable records of cross-border transactions, they may not adhere strictly to the appropriate definitions of valuation and timing used in the balance of payments or corresponds to the change-of ownership criterion. This issue has assumed greater significance with the increasing globalization of international business. Neither customs nor balance of payments data usually capture the illegal transactions that occur in many countries. Goods carried by travelers across borders in legal but unreported shuttle trade may further distort trade statistics.",https://datacatalog.worldbank.org/public-licenses#cc-by
